{
  "lang":"en",
  "name":"pipeline",
  "version":"0.0.0",
  "spacy_version":">=3.5.2,<3.6.0",
  "description":"",
  "author":"",
  "email":"",
  "url":"",
  "license":"",
  "spacy_git_version":"aea4a96f9",
  "vectors":{
    "width":0,
    "vectors":0,
    "keys":0,
    "name":null,
    "mode":"default"
  },
  "labels":{
    "tok2vec":[

    ],
    "ner":[
      "AGENT",
      "AMINO ACID",
      "CARDINAL",
      "CELL",
      "COMPOUND",
      "CONDITION",
      "DATE",
      "DIESEASE",
      "ENZYME",
      "GENE",
      "LOC",
      "MEDICINE",
      "MICRO-ORGANISM",
      "NUCLEIC ACID",
      "ORG",
      "PERCENTAGE",
      "PROTIEN",
      "SYMPTOMS",
      "TOOL",
      "TREATMENT",
      "Unlabelled"
    ]
  },
  "pipeline":[
    "tok2vec",
    "ner"
  ],
  "components":[
    "tok2vec",
    "ner"
  ],
  "disabled":[

  ],
  "performance":{
    "ents_f":0.9718674645,
    "ents_p":0.9616472252,
    "ents_r":0.9823072757,
    "ents_per_type":{
      "ORG":{
        "p":0.9842873176,
        "r":0.9887260428,
        "f":0.9865016873
      },
      "DATE":{
        "p":0.9653579677,
        "r":0.9812206573,
        "f":0.9732246799
      },
      "CARDINAL":{
        "p":0.9536713287,
        "r":0.9936247723,
        "f":0.9732381802
      },
      "SYMPTOMS":{
        "p":0.9883268482,
        "r":0.9806949807,
        "f":0.984496124
      },
      "DIESEASE":{
        "p":0.9602977667,
        "r":0.9508599509,
        "f":0.9555555556
      },
      "PROTIEN":{
        "p":0.9891304348,
        "r":0.9837837838,
        "f":0.9864498645
      },
      "CELL":{
        "p":0.9479768786,
        "r":1.0,
        "f":0.9732937685
      },
      "ENZYME":{
        "p":1.0,
        "r":1.0,
        "f":1.0
      },
      "AMINO ACID":{
        "p":1.0,
        "r":1.0,
        "f":1.0
      },
      "MICRO-ORGANISM":{
        "p":0.9793814433,
        "r":0.95,
        "f":0.9644670051
      },
      "COMPOUND":{
        "p":0.9876033058,
        "r":0.9917012448,
        "f":0.9896480331
      },
      "TOOL":{
        "p":0.9847328244,
        "r":0.972361809,
        "f":0.9785082174
      },
      "NUCLEIC ACID":{
        "p":0.9705882353,
        "r":1.0,
        "f":0.9850746269
      },
      "PERCENTAGE":{
        "p":0.8429951691,
        "r":0.9803370787,
        "f":0.9064935065
      },
      "CONDITION":{
        "p":0.9467455621,
        "r":0.9523809524,
        "f":0.9495548961
      },
      "TREATMENT":{
        "p":0.9559748428,
        "r":0.9681528662,
        "f":0.9620253165
      },
      "MEDICINE":{
        "p":1.0,
        "r":0.9830508475,
        "f":0.9914529915
      },
      "LOC":{
        "p":0.9866071429,
        "r":1.0,
        "f":0.993258427
      },
      "AGENT":{
        "p":0.954248366,
        "r":0.9733333333,
        "f":0.9636963696
      },
      "GENE":{
        "p":0.9879518072,
        "r":0.9879518072,
        "f":0.9879518072
      },
      "Unlabelled":{
        "p":1.0,
        "r":1.0,
        "f":1.0
      }
    },
    "tok2vec_loss":7048.0957062772,
    "ner_loss":1480.1919811014
  }
}